,dataset,rewiring,layer_type,num_iterations,brf_batch_add,brf_batch_remove,alpha,eps,test_mean,test_ci,val_mean,val_ci,train_mean,train_ci,energy_mean,energy_ci,last_layer_fa,rewiring_duration,run_duration
0,enzymes,none,GIN,10,4,2,0.1,0.001,31.3,0.012170821208484204,40.66666666666667,0.010984838035522722,46.639583333333334,0.017653754617172328,0.0,0.0,False,0.009455204010009766,1671.0358464717865
0,imdb,none,GIN,10,4,2,0.1,0.001,68.98,0.013081223184396784,72.22000000000001,0.014233987494725434,68.81249999999999,0.011395859993874968,0.0,0.0,False,0.009271860122680664,1863.192724943161
0,mutag,none,GIN,10,4,2,0.1,0.001,75.5,0.029000000000000005,83.88888888888889,0.030123203803835465,79.60666666666667,0.025317254546608676,0.0,0.0,False,0.009217023849487305,506.55808305740356
0,proteins,none,GIN,10,4,2,0.1,0.001,69.72321428571429,0.010035317099410178,74.64864864864863,0.007442204877619771,72.72247191011236,0.004912757881400473,0.0,0.0,False,0.009510040283203125,2266.754877090454
