,dataset,rewiring,layer_type,num_iterations,brf_batch_add,brf_batch_remove,alpha,eps,test_mean,test_ci,val_mean,val_ci,train_mean,train_ci,energy_mean,energy_ci,last_layer_fa,rewiring_duration,run_duration
0,enzymes,brf,GIN,2,4,2,0.1,0.001,30.66666666666667,0.05719362823873925,39.5,0.040565447804203465,46.395833333333336,0.05185801261350286,0.0,0.0,False,0.2122640609741211,168.02418494224548
0,imdb,brf,GIN,1,4,1,0.1,0.001,66.10000000000001,0.04394997155858009,71.2,0.0484809240836022,67.8875,0.04469263082433165,0.0,0.0,False,0.31226158142089844,203.12654948234558
0,mutag,brf,GIN,1,3,2,0.1,0.001,77.0,0.05865151319446072,91.11111111111111,0.03912625969257557,83.26666666666667,0.03224627454795704,0.0,0.0,False,0.1111454963684082,57.578813314437866
