,dataset,rewiring,layer_type,num_iterations,brf_batch_add,brf_batch_remove,alpha,eps,test_mean,test_ci,val_mean,val_ci,train_mean,train_ci,energy_mean,energy_ci,last_layer_fa,rewiring_duration,run_duration

0,imdb,fosr,GCN,5,4,2,0.1,0.001,51.629999999999995,0.008924819325902347,51.610000000000014,0.009032806872727877,49.94875,0.001691188561337854,0.0018967949792405943,5.59409706234894e-05,False,5.053187847137451,2985.4311459064484

0,mutag,fosr,GCN,40,4,2,0.1,0.001,80.60000000000001,0.02094182418033348,82.8888888888889,0.019918351858041385,75.82666666666667,0.011944493850027021,0.004889440834477126,0.0002795446151166188,False,4.350382089614868,1096.3928129673004

0,enzymes,fosr,GCN,10,4,2,0.1,0.001,28.95,0.008852557696947124,29.183333333333326,0.01007190812772502,27.14791666666667,0.005455532041983725,0.08254099530624197,0.0023063141230315436,False,4.376498699188232,2821.7525486946106

0,proteins,fosr,GCN,20,4,2,0.1,0.001,75.10714285714286,0.00713964213360294,75.27927927927927,0.00785106060772554,72.0865168539326,0.003529342796210075,0.06843844252401719,0.0012571796374528923,False,4.525338172912598,4414.013641119003
