,dataset,rewiring,layer_type,num_iterations,brf_batch_add,brf_batch_remove,alpha,eps,test_mean,test_ci,val_mean,val_ci,train_mean,train_ci,energy_mean,energy_ci,last_layer_fa,rewiring_duration,run_duration
0,mutag,brf,GCN,1,1,0,0.1,0.001,70.0,0.06782329983125268,68.88888888888889,0.06885303726590963,65.73333333333333,0.009465727652959386,0.0,0.0,False,31.109154224395752,37.87534427642822
0,mutag,brf,GCN,2,1,0,0.1,0.001,63.0,0.058651513194460714,65.0,0.05889937013643809,67.13333333333334,0.012795832654944096,0.0,0.0,False,62.121421337127686,37.37094044685364
0,mutag,brf,GCN,3,1,0,0.1,0.001,63.49999999999999,0.04483302354291978,64.44444444444444,0.0834443704689715,67.13333333333334,0.009986657765906144,0.0,0.0,False,94.27831029891968,36.822020292282104
0,mutag,brf,GCN,4,1,0,0.1,0.001,61.999999999999986,0.0513809303146605,67.77777777777779,0.04919098582484145,66.93333333333334,0.01086482601998046,0.0,0.0,False,123.42574572563171,36.686134815216064
