,dataset,rewiring,num_iterations,borf_batch_add,borf_batch_remove,avg_accuracy,ci,run_duration,rewiring_duration
0,actor,None,50,4,2,0.26034210526315793,0.0022697334096083888,253.22014594078064,1.5974044799804688e-05
0,actor,None,50,4,2,0.2846776315789474,0.0018865223064523727,238.0765199661255,1.0728836059570312e-05
0,actor,None,9,50,10,0.28139473684210525,0.002369961487350279,455.9170894622803,1.4543533325195312e-05
0,actor,None,9,50,10,0.2881447368421053,0.0021146157388498956,292.8818919658661,1.1205673217773438e-05
0,actor,None,9,50,10,0.2641776315789474,0.0023311671698874833,490.08954977989197,1.049041748046875e-05
