,dataset,rewiring,num_iterations,borf_batch_add,borf_batch_remove,avg_accuracy,ci,run_duration,rewiring_duration
0,actor,fosr,25,4,2,0.24273684210526317,0.004006699721626239,363.4957444667816,8.39676570892334
0,actor,fosr,50,4,2,0.24694078947368422,0.0036323118539619004,374.7193298339844,13.08366060256958
0,actor,fosr,75,4,2,0.24644736842105264,0.004533691970225418,437.5868694782257,17.80502676963806
0,actor,fosr,100,4,2,0.24525,0.003847129915567918,393.00102710723877,22.502347946166992
0,actor,fosr,125,4,2,0.2422039473684211,0.00387639595979553,401.4319055080414,27.17058753967285
0,actor,fosr,150,4,2,0.24663815789473684,0.004235775241618342,427.05427050590515,31.872644901275635
0,actor,fosr,175,4,2,0.24829605263157892,0.0038621545646033415,405.7130148410797,36.52306294441223
0,actor,fosr,200,4,2,0.24882894736842104,0.002796823732681369,451.43136954307556,41.272247552871704
