,dataset,rewiring,num_iterations,avg_accuracy,ci
0,cornell,sdrf_bfc,50,0.6270270270270271,0.05554695169152489
0,cornell,sdrf_orc,50,0.6486486486486486,0.03151865889105568
