,dataset,rewiring,num_iterations,borf_batch_add,borf_batch_remove,avg_accuracy,ci,run_duration,rewiring_duration
0,actor,sdrf,25,4,2,0.24730263157894736,0.003443775749485205,443.02582597732544,108.7138307094574
0,actor,sdrf,50,4,2,0.24453947368421047,0.005165123157284529,402.5593192577362,217.7476327419281
0,actor,sdrf,75,4,2,0.24457894736842103,0.005019943604764287,425.9351501464844,326.6609253883362
