,dataset,rewiring,num_iterations,borf_batch_add,borf_batch_remove,avg_accuracy,ci,run_duration,rewiring_duration
0,actor,None,9,50,10,0.2641776315789474,0.0023311671698874833,490.08954977989197,1.049041748046875e-05
0,pubmed,None,50,4,2,0.8469269776876267,0.0012493200138551834,3890.0679750442505,8.58306884765625e-06
0,squirrel,None,50,4,2,0.39081652257444766,0.0036255511267127274,3681.5061287879944,1.430511474609375e-05
