,dataset,rewiring,num_iterations,borf_batch_add,borf_batch_remove,avg_accuracy,ci,run_duration,rewiring_duration
0,actor,fosr,25,4,2,0.26563157894736844,0.0025610360827552814,375.45948696136475,8.381248950958252
0,actor,fosr,50,4,2,0.2683421052631579,0.002358332313720664,374.06632566452026,13.060813426971436
0,actor,fosr,75,4,2,0.2669671052631579,0.0024304946745222233,378.12373518943787,17.79858660697937
0,actor,fosr,100,4,2,0.2701315789473684,0.0026023375386025433,371.375510931015,22.48352551460266
0,actor,fosr,125,4,2,0.26508552631578947,0.0023366476181514283,376.28891134262085,27.230016946792603
0,actor,fosr,150,4,2,0.26795394736842104,0.002514865429837928,383.9750373363495,31.906108379364014
0,actor,fosr,175,4,2,0.26380263157894734,0.002278176908780534,394.6940107345581,36.59330725669861
0,actor,fosr,200,4,2,0.26776315789473687,0.0021037823739655935,388.2547113895416,41.339860916137695
