,dataset,rewiring,num_iterations,borf_batch_add,borf_batch_remove,avg_accuracy,ci,run_duration,rewiring_duration
0,actor,sdrf,25,4,2,0.26474342105263154,0.0023321858987829414,378.93326783180237,106.09963750839233
0,actor,sdrf,50,4,2,0.26394736842105265,0.0027522340459647174,382.8898663520813,211.96841478347778
0,actor,sdrf,75,4,2,0.2654013157894737,0.002277881648833886,379.1534185409546,334.267037153244
0,actor,sdrf,100,4,2,0.26653947368421055,0.002219672494621561,374.61808371543884,415.89832282066345
0,actor,sdrf,125,4,2,0.2656118421052631,0.0020480596012308594,368.29507398605347,518.2656805515289
0,actor,sdrf,150,4,2,0.26635526315789476,0.002617661884127167,377.38657689094543,630.0378823280334
0,actor,sdrf,175,4,2,0.26515131578947365,0.002547706521168704,383.5958914756775,741.1401031017303
0,actor,sdrf,200,4,2,0.2659605263157895,0.0023135919597527758,381.91320991516113,855.0695760250092
