,dataset,rewiring,layer_type,num_iterations,brf_batch_add,brf_batch_remove,alpha,eps,test_mean,test_ci,val_mean,val_ci,train_mean,train_ci,energy_mean,energy_ci,last_layer_fa,rewiring_duration,run_duration

0,imdb,fosr,GIN,20,4,2,0.1,0.001,73.24000000000001,0.007995598789334044,72.11,0.009094591799525693,69.52875,0.005133085694784377,0.08447435250876623,0.014463511436637145,False,4.445319652557373,3223.227303981781

0,mutag,fosr,GIN,20,4,2,0.1,0.001,79.75000000000001,0.03456515586540874,81.55555555555556,0.0300156337864943,77.22666666666666,0.02706484066090174,0.04067574122806126,0.0034810669162347757,False,4.424670934677124,832.5863018035889

0,enzymes,fosr,GIN,5,4,2,0.1,0.001,32.81666666666667,0.01180108281284203,32.61666666666667,0.011068022005359002,31.81875000000001,0.013684040658738194,0.1175400266624461,0.002978125987841843,False,4.336661338806152,2649.939395427704

0,proteins,fosr,GIN,10,4,2,0.1,0.001,76.38392857142856,0.006548363052967467,76.21621621621621,0.007808269794601965,74.36741573033709,0.003434110071155335,0.06743170179744418,0.0066564761582698796,False,4.50299596786499,3858.1123921871185
